/*
Navicat MySQL Data Transfer

Source Server         : mydatabase
Source Server Version : 50172
Source Host           : localhost:3306
Source Database       : bookstore

Target Server Type    : MYSQL
Target Server Version : 50172
File Encoding         : 65001

Date: 2020-07-02 10:04:47
*/

SET FOREIGN_KEY_CHECKS=0;

-- ----------------------------
-- Table structure for admin
-- ----------------------------
DROP TABLE IF EXISTS `admin`;
CREATE TABLE `admin` (
  `admin_id` int(11) NOT NULL AUTO_INCREMENT,
  `name` varchar(255) NOT NULL,
  `passwd` varchar(255) NOT NULL,
  PRIMARY KEY (`admin_id`)
) ENGINE=InnoDB AUTO_INCREMENT=4 DEFAULT CHARSET=gbk;

-- ----------------------------
-- Records of admin
-- ----------------------------
INSERT INTO `admin` VALUES ('1', 'admin1', '4AzyWtQmg7PfZ4xh9Cxr2g==');
INSERT INTO `admin` VALUES ('3', 'admin2', 'yEJY6cOQWaiat32Ebdq5CQ==');

-- ----------------------------
-- Table structure for book
-- ----------------------------
DROP TABLE IF EXISTS `book`;
CREATE TABLE `book` (
  `book_id` int(11) NOT NULL AUTO_INCREMENT,
  `name` varchar(255) NOT NULL,
  `mount` int(11) NOT NULL,
  `author` varchar(255) NOT NULL,
  `type_id` int(11) NOT NULL,
  `ISBN` varchar(255) NOT NULL,
  `old_price` decimal(10,2) NOT NULL,
  `new_price` decimal(10,2) NOT NULL,
  `detail` varchar(255) DEFAULT NULL,
  `image_src` varchar(255) DEFAULT NULL,
  `reread_src` varchar(255) DEFAULT NULL,
  `sale` int(11) NOT NULL DEFAULT '0',
  `publisher` varchar(255) DEFAULT NULL,
  `pub_time` date NOT NULL,
  `add_time` date NOT NULL,
  `size` varchar(255) DEFAULT NULL,
  `paper` varchar(255) DEFAULT NULL,
  `book_package` varchar(255) DEFAULT NULL,
  `suit` varchar(255) DEFAULT NULL,
  PRIMARY KEY (`book_id`)
) ENGINE=InnoDB AUTO_INCREMENT=89 DEFAULT CHARSET=gbk;

-- ----------------------------
-- Records of book
-- ----------------------------
INSERT INTO `book` VALUES ('1', '计算机网络：自顶向下方法(原书第7版)', '141', '詹姆斯·F·库罗斯', '1', '9787111599715', '89.00', '80.00', '本书是计算机网络教材之一，采用了作者的自顶向下方法来讲授计算机网络的原理及其协议，自16年前1版出版以来已经被数百所大学和学院选作教材，被译为14种语言。第7版保持了以前版本的特色，继续关注因特网和计算机网络的现代处理方式，注重原理和实践，为计算机网络教学提供了一种新颖和与时俱进的方法。', 'bookimg/0001.jpg', '', '9', '机械工业出版社', '2018-06-01', '2020-06-10', '16开', '胶版纸', '平装-胶订', '否');
INSERT INTO `book` VALUES ('2', '网络安全技术 第2版', '120', '刘化君', '1', '9787111499367', '55.00', '55.00', '本书内容共9章，分为网络安全理论基础、网络攻击与防护、网络安全应用、网络安全实验4个大部分，涵盖了“攻（攻击）、防（防范）、测（检测）、控（控制）、管（管理）评（评估）”等多方面的基本理论和实用技术。网络安全理论基础部分介绍网络安全的基础知识、网络安全体系、TCP/IP协议的安全性以及网络系统平台安全等。', 'bookimg/0002.jpg', 'reread/0002.pdf', '0', '机械工业出版社', '2015-06-01', '2020-06-01', '16开', '胶版纸', '平装-胶订', '否');
INSERT INTO `book` VALUES ('3', '网络工程设计教程：系统集成方法', '60', '陈鸣，李兵', '1', '9787111466956', '45.00', '40.00', '本书采用系统集成方法，系统地阐述IP网络的设计方法以及实施网络工程的过程管理方法。本书以设计“具有几台PC的小型局域网”，到“具有几十台到几百台PC的中型局域网”，到“覆盖一个楼宇的网络”，到“覆盖几个楼宇的网络”，到“覆盖几个园区的企业网”为主线，将网络系统的基本概念、设计和建设网络系统的基本方法和技术有机地结合起来，并在每章最后部分通过“网络工程案例教学”来综合应用前面所学的内容。', 'bookimg/0003.jpg', 'reread/0003.pdf', '0', '机械工业出版社', '2014-07-01', '2020-06-01', '16开', '胶版纸', '平装-胶订', '否');
INSERT INTO `book` VALUES ('4', '无线网络技术教程（第3版）——原理、应用与实验', '60', '金光，江先亮', '1', '9787302466369', '45.00', '45.00', '本书围绕当前主流的无线网络技术，系统介绍无线网络技术的原理、应用和相关实验。全书分12章，包括无线局域网、无线城域网和无线广域网、蜂窝移动通信网络、卫星网络和空天信息网络、无线自组织网、无线传感网、无线个域网、物联网、无线车载网和智能交通、无线体域网、无线室内定位、无线家居网、无线网络安全等内容。', 'bookimg/0004.jpg', null, '0', '清华大学出版社', '2017-03-01', '2020-06-01', '16开', '胶版纸', '平装-胶订', '否');
INSERT INTO `book` VALUES ('5', '计算机组织与体系结构（第4版 立体化教材）', '70', '白中英', '1', '9787302183327', '59.00', '59.00', '本书特色：基础性、时代性、系统性、实践性、实用性、启发性融为一体，文字教材、多媒体CAI软件、教学课件、习题答案库、自测试题库、教学仪器、实验设计、课程设计综合配套，形成“理论、实验、设计”三个过程相统一的立体化教学体系。', 'bookimg/0005.jpg', null, '0', '清华大学出版社', '2008-10-01', '2020-06-01', '16开', '胶版纸', '平装-胶订', '否');
INSERT INTO `book` VALUES ('6', '数据库系统概论（第5版）', '30', '王珊，萨师煊', '1', '9787040406641', '42.00', '42.00', '《数据库系统概论（第5版）挖改正文重印版》本书第1版于1983年出版，至今已修订至第5版。第5版被列入“十二五”普通高等教育本科*规划教材。相应课程于2004年被评为北京市精品课程，2005年被评为国家精品课程，2014年被批准为*精品资源共享课。系统全面地阐述了数据库系统的基础理论、基本技术和基本方法。', 'bookimg/0006.jpg', null, '0', '高等教育出版社', '2014-09-01', '2020-06-01', '16开', '胶版纸', '平装-胶订', '否');
INSERT INTO `book` VALUES ('7', 'Java从入门到精通（第5版）', '50', '明日科技', '1', '9787302517597', '69.80', '69.80', '《Java从入门到精通（第5版）》从初学者角度出发，通过通俗易懂的语言、丰富多彩的实例，详细介绍了使用Java语言进行程序开发需要掌握的知识。', 'bookimg/0007.jpg', null, '0', '清华大学出版社', '2019-03-01', '2020-06-01', '16开', '胶版纸', '平装-胶订', '否');
INSERT INTO `book` VALUES ('8', 'Java网络编程（第四版）', '146', '（美）哈诺德', '1', '9787512361881', '78.00', '78.00', '《Java网络编程（第四版）》实用指南全面介绍了如何使用Java开发网络程序。你将学习如何使用Java的网络类库既快速又轻松地完成常见的网络编程任务，如编写多线程服务器、加密通信、广播到本地网络，以及向服务器端程序提交数据。作者提供了真正可实用的程序来讲解他介绍的方法和类。', 'bookimg/0008.jpg', null, '4', '中国电力出版社', '2014-09-01', '2020-06-06', '16开', '胶版纸', '平装-胶订', '否');
INSERT INTO `book` VALUES ('9', 'Python语言程序设计基础（第2版）', '120', '嵩天，礼欣，黄天羽', '1', '9787040471700', '39.00', '39.00', '本书提出了以理解和运用计算生态为目标的Python语言教学思想，不仅系统讲解了Python 语言语法，同时介绍了从数据理解到图像处理的14个Python 函数库，向初学Python语言的读者展示了全新的编程语言学习路径。', 'bookimg/0009.jpg', null, '0', '高等教育出版社', '2017-02-01', '2020-06-01', '16开', '胶版纸', '平装-胶订', '否');
INSERT INTO `book` VALUES ('10', '医学衷中参西录（精装）', '120', '张锡纯', '2', '9787537733106', '75.00', '75.00', '《医学衷中参西录》是河北盐山县已故名医张锡纯(1860-1933年)所著。原书从1918年至1934年分七期陆续刊行。', 'bookimg/0010.jpg', null, '0', '山西科学技术出版社', '2010-01-01', '2020-06-01', '', '', '精装', '否');
INSERT INTO `book` VALUES ('11', '大医至简——刘希彦解读金匮要略', '10', '刘希彦', '2', '9787571004569', '59.00', '59.00', '《金匮要略》一书在理论与临床实践上都具有较高的指导意义和实用价值，对后世临床医学的发展有着重大的贡献和深远的影响。古中医研究者刘希彦对《金匮要略》推崇备至，赞誉其为方书之祖、医方之经，治疗杂病的典范。现对其原文逐条解读，以飨读者。', 'bookimg/0011.jpg', null, '0', '湖南科技出版社', '2020-03-01', '2020-06-01', '16开', '胶版纸', '平装-胶订', '否');
INSERT INTO `book` VALUES ('12', '骨盆和骶髂关节功能解剖——手法操作指南', '30', '(英) 约翰·吉本斯 (John Gibbons) 著', '2', '9787530497838', '168.00', '168.00', '作者在本书中对骨盆和骶髂关节进行了逐步评估，探索了身体这一关键部位的各个方面，以及它是如何在运动链中连接的。本书为如何识别由骨盆带和相关损伤引起的疼痛和异常模式提供了详细信息，以及一些识别和纠正异常模式的技术，同时提供促进恢复的功能锻炼，为相关从业者、学生和任何想要了解骨盆疼痛的读者提供了大量实用信息。', 'bookimg/0012.jpg', null, '0', '北京科学技术出版社', '2018-09-01', '2020-06-01', '16开', '铜版纸', '平装-胶订', '否');
INSERT INTO `book` VALUES ('13', '新冠肺炎防治精要', '240', '瞿介明，曹彬，陈荣昌', '2', '9787313230829', '48.00', '48.00', '这是一本汇聚了国内*传染病防治专家的重要著作，内容涉及新冠肺炎的科学认识、发病机制、诊断、治疗、预防与控制等。在编写团队中有院士，也有主任医师，但有一个共同点就是都冲锋在一线、经受了新冠疫情生与死的考量！', 'bookimg/0013.jpg', null, '60', '上海交通大学出版社', '2020-04-01', '2020-06-01', '16开', '胶版纸', '平装-胶订', '否');
INSERT INTO `book` VALUES ('14', '口腔临床操作技术丛书·根管治疗图谱', '20', '彭彬', '2', '9787117101318', '68.00', '68.00', '牙齿的根管系统犹如交通枢纽：分歧、分支、融合、弯曲……错综复杂。根管治疗即是将这些复杂的系统进行有效疏通，彻底清理，并进行严密的充填。规范的操作技术将为牙髓病、根尖周病的治疗带来理想的效果。', 'bookimg/0014.jpg', null, '0', '人民卫生出版社', '2008-07-01', '2020-06-01', '大16开', '胶版纸', '精装', '否');
INSERT INTO `book` VALUES ('15', '电动汽车动力电池系统设计与制造技术', '30', '王芳，夏军', '3', '9787030541208', '128.00', '128.00', '本书内容立足于我国电动汽车产业的实际情况，从多个角度对动力电池系统的设计与制造进行了系统化的梳理和论述，可以用于指导企事业单位的方案论证、产品开发、技术研究、生产制造和售后服务等工作。全书共8章，包括动力电池系统技术发展综述、总体方案设计（系统设计）、结构与电连接设计、电池管理系统（BMS）设计、热管理设计、结构仿真分析、试验验证，以及生产制造技术，可以为读者提供丰富的工程实践参考。', 'bookimg/0015.jpg', null, '0', '科学出版社', '2019-01-01', '2020-06-01', '16开', '胶版纸', '平装-胶订', '否');
INSERT INTO `book` VALUES ('16', '机械设计（原书第5版）', '49', '罗伯特.诺顿', '3', '9787111533245', '198.00', '198.00', '本书是美国大学本科机械设计课程的一本经典教材。全书分两篇。第1篇为基础篇，共8章，分别是：设计介绍，材料和工艺，运动与受力分析，应力、应变与挠度，静态失效理论，疲劳失效理论，表面失效和有限元分析。', 'bookimg/0016.jpg', null, '1', '机械工业出版社', '2016-06-01', '2020-06-04', '16开', '胶版纸', '精装', '否');
INSERT INTO `book` VALUES ('17', 'DK木工全书（英国木工字典级教科书）', '50', '（英）英国DK出版社 ', '3', '9787530494790', '128.00', '128.00', '全书采用DK图书一贯的彩色图解方式，2000多幅高清照片配合文字详解了木工制作的知识﹑技艺和实际案例，特别是本书以详图详解的方式呈现了29种榫卯技巧，这是目前国内同类书中都不具备的内容，也是木工制作不可缺少的关键技巧。书中还包含有家具修复的技术。', 'bookimg/0017.jpg', null, '0', '北京科学技术出版社', '2018-07-01', '2020-06-01', '16开', '铜版纸', '平装-胶订', '否');
INSERT INTO `book` VALUES ('18', '住宅设计解剖书（2018版）', '30', '（日）增田奏', '4', '9787544293075', '58.00', '58.00', '这是一本图解式的住宅设计与规划解剖书，用易懂的550幅插图搭配解说文字，让你清楚了解关于家的所有设计与规划。', 'bookimg/0018.jpg', null, '0', '南海出版公司', '2018-08-01', '2020-06-01', '16开', '胶版纸', '平装-胶订', '否');
INSERT INTO `book` VALUES ('19', '世界建筑简史', '40', '盖纳.艾尔特南 ', '4', '9787505740112', '198.00', '198.00', '从古代竞技场到现代金字形神塔,建筑艺术影响着我们所有人。《世界建筑简史》探索了建筑师们针对不断变化的历史需求而采用的不同方法，是一份对历代文明建筑富有灵感的指南。通过简单明了的行文，这本书带领我们穿越古人的世界，跨出文艺复兴，通过错综复杂充满魅力的巴洛克时期，来到文明世界。', 'bookimg/0019.jpg', null, '0', '中国友谊出版公司', '2018-03-01', '2020-06-01', '16开', '铜版纸', '软精装', '否');
INSERT INTO `book` VALUES ('20', '这样装修不后悔', '26', '姥姥，后浪', '4', '9787550222700', '60.00', '60.00', '不想装修完后还要没完没了地返工？不希望与让人抓狂的施工错误朝夕相处几十年？无数的家装后悔经历告诉我们：真正好住的家绝不只是表面的漂亮而已，一个装修得舒适方便、让人后顾无忧的家，将大大提升未来的居家生活的幸福感。', 'bookimg/0020.jpg', null, '4', '北京联合出版公司', '2014-05-01', '2020-06-09', '16开', '胶版纸', '平装-胶订', '否');
INSERT INTO `book` VALUES ('21', '建筑概论(第三版)', '60', '崔艳秋', '4', '9787112195022', '40.00', '40.00', '由崔艳秋、姜丽荣、吕树俭等编*的《建筑概论 (第3版高等学校规划教材)》为非工民建专业教学用书。全书共分八章，包括：房屋建筑识图，民用建筑设计，民用建筑构造，工业建筑设计，单层厂房构造，高层建筑简介，工业化建筑简介，节能建筑概述等内容。', 'bookimg/0021.jpg', null, '0', '中国建筑工业出版社', '2016-07-01', '2020-06-01', '16开', '胶版纸', '平装-胶订', '否');
INSERT INTO `book` VALUES ('22', '怎样解题--数学思维的新方法', '40', '(美)G.波利亚', '5', '9787542852311', '29.00', '29.00', '本书这本经久不衰的畅销书出自一位著名数学家G·波利亚的手笔，虽然它讨论的是数学中发现和发明的方法和规律，但是对在其他任何领域中怎样进行正确思维都有明显的指导作用。本书围绕“探索法”这一主题，采用明晰动人的散文笔法，阐述了求得一个证明或解出一个未知数的数学方法怎样可以有助于解决任何“推理”性问题——从建造一座桥到猜出一个字谜。一代又一代的读者尝到了本书的甜头，他们在本书的指导下，学会了怎样摒弃不相干的东西，直捣问题的心脏。', 'bookimg/0022.jpg', null, '0', '上海科技教育出版社', '2011-12-01', '2020-06-01', '16开', '胶版纸', '平装', '否');
INSERT INTO `book` VALUES ('23', '相对论', '30', '爱因斯坦', '5', '9787510450129', '32.00', '32.00', '这本书由狭义相对论、广义相对论、探索整个宇宙三部分构成。狭义相对论的两个基本条件是：一、光速恒定原理；二、定律（尤其是光速不变定律）和所选择的惯性系（狭义相对性原理）没有关系。只有符合这两个条件，所讨论的内容才是有意义的；广义相对论是在狭义相对论的基础上发展起来的，它的假设是定律的不变性和四维连续区中的坐标的非线性变换有着一定的联系，在这个前提下讨论各种情况。在了解了狭义相对论和广义相对论之后，将研究范畴扩展到整个宇宙空间中，并认为宇宙是有限且无界的。', 'bookimg/0023.jpg', null, '0', '新世界出版社', '2014-07-01', '2020-06-02', '16开', '胶版纸', '平装', '否');
INSERT INTO `book` VALUES ('24', '物种起源', '60', '达尔文', '5', '9787510450099', '39.80', '39.80', '这本书主要讲述了生物变异、生存斗争、杂种性质、地质记录的不完整性、生物分布等内容。生物变异分为家养状态下的变异和自然条件下的变异两种，而动物在进行变异的过程中会出现生存竞争，这里的竞争包括相同物种之间的竞争和不同物种之间的竞争，但同一物种之间的竞争更加激烈；不同物种或者不同变种之间进行交配会产下杂种，但不同物种形成的杂种常常是不育的，而不同变种形成的杂种往往可育；生物都是从简答到复杂、从低级到高级慢慢发展起来的，这不是超自然力量干预的结果，而是自然界内部斗争的结果。', 'bookimg/0024.jpg', null, '0', '新世界出版社', '2014-07-01', '2020-06-01', '16开', '胶版纸', '平装', '否');
INSERT INTO `book` VALUES ('25', '概率论与数理统计', '50', '庞常词，李宗成', '5', '9787563553259', '42.00', '42.00', '本书是为理工科应用型本科人才培养而编写的概率论与数理统计教材.全书共9章，内容包括:随机事件及其概率，随机变量及其概率分布，随机变量的数字特征，正态分布与极限定理，数理统计的基本知识，参数估计，假设检验，方差分析，回归分析以及概率统计的MINITAB命令实现. 本书简明易懂，概念引入自然实用，易于学生理解和掌握，适宜作为应用型本科院校学生（包括理工类和经济类）概率论与数理统计课程的教材，也可作为工程技术人员的参考书．', 'bookimg/0025.jpg', null, '0', '北京邮电大学出版社', '2018-07-01', '2020-06-01', '16开', '胶版纸', '平装-胶订', '否');
INSERT INTO `book` VALUES ('26', '薛兆丰经济学讲义', '50', '薛兆丰', '6', '9787508689586', '68.00', '68.00', '薛兆丰老师善于把复杂的现象用简单直接的方式说清楚。这本书讲解了生活中不可能绕过的经济学核心概念，比如稀缺、成本、价格、交易、信息不对称、收入等与个人生活密切相关的知识，通过大量真实案例的经济学分析，更实际、更有趣、更深入和彻底地将经济学思维运用于各种实际场景，帮你绕过经济学花招，理解现象背后的经济逻辑，从而启发你将同样的思维运用到日常生活和工作中去。', 'bookimg/0026.jpg', null, '0', '中信出版社', '2018-07-01', '2020-06-01', '32开', '纯质纸', '线装', '否');
INSERT INTO `book` VALUES ('27', '经济学通识（第二版）', '30', '薛兆丰', '6', '9787301258699', '58.00', '58.00', '《经济学通识》就是薛兆丰教授的一部自选集，他从自己10多年写作的文章中，精选出98篇。就像他所说的：“想成为真正的市场经济支持者，或真正的自由主义支持者，你绕不开这本书所讨论的每一个议题。”', 'bookimg/0027.jpg', null, '0', '北京大学出版社', '2015-09-01', '2020-06-01', '32开', '胶版纸', '精装', '否');
INSERT INTO `book` VALUES ('28', '牛奶可乐经济学', '30', '（美）罗伯特·弗兰克', '6', '9787550292505', '49.90', '49.90', ' 《牛奶可乐经济学》是用经济学的原理和方法来解释我们在现实中司空见惯而又未注意到的现象，并通过这些事例和解释来加深人们对经济学的理解。比如，为什么牛奶的盒子是方的，可乐的瓶子是圆的；为什么酒吧中不值钱的水要收费而花生米却免费；为什么女模特的收入高于男模特。', 'bookimg/0028.jpg', null, '0', '北京联合出版公司', '2017-01-01', '2020-06-01', '16开', '纯质纸', '平装-胶订', '否');
INSERT INTO `book` VALUES ('29', '可复制的沟通力：樊登的10堂表达课', '30', '樊登', '7', '9787521717648', '59.00', '59.00', '沟通的目的是尊重与合作，而非输赢。作为中央电视台前主持人、“樊登读书”App“言值”担当，樊登老师在本书中提炼出沟通的两大原理，梳理了沟通的十个维度，系统阐述了提升沟通力的方法与技巧。', 'bookimg/0029.jpg', null, '0', '中信出版社', '2020-05-01', '2020-06-01', '32开', '纯质纸', '精装', '否');
INSERT INTO `book` VALUES ('30', '格局：世界永远不缺聪明人（吴军作品）', '30', '吴军', '7', '9787521708554', '59.00', '59.00', '对大多数人来讲，获得偶然的成功并不难，难的是逐渐让成功从偶然变成必然。有些人满足于自己某件事做得快、做得漂亮，而大格局的人追求的则是重复的成功和可叠加式的进步。', 'bookimg/0030.jpg', null, '0', '中信出版社', '2019-10-01', '2020-06-01', '32开', '纯质纸', '平装-胶订', '否');
INSERT INTO `book` VALUES ('31', '巴菲特致股东的信（权威修订版）', '40', '（美）沃伦·巴菲特 & （美）查理·芒格', '8', '9787559604200', '48.00', '48.00', '本书是《巴菲特致股东的信》的权威修订版，记录了巴菲特对于公司治理、金融与投资、合并与收购及会计与纳税等内容的看法，既可以读懂价值投资的理念，也可以学习到一些实用性的操作方法，是一本了解价值投资逻辑的通俗读物。', 'bookimg/0031.jpg', null, '0', '北京联合出版有限公司', '2017-10-01', '2020-06-01', '16开', '胶版纸', '平装-胶订', '否');
INSERT INTO `book` VALUES ('32', '陆蓉行为金融学讲义：每个投资者都该懂的实战智慧', '30', '陆蓉', '8', '9787521710427', '49.00', '49.00', '行为金融学结合了经济学、金融学，以及心理学对人行为的分析，指导人们在真实的金融市场做出正确决策。它能够解决让大多数投资者甚至机构都感到困惑的问题，比如投资者在市场中怎么避免犯错，成功的投资机构是怎样利用群体错误赚钱的……这就是近年来行为金融学在华尔街和其他金融市场都备受追捧，甚至连诺贝尔经济学奖都青睐有加、数次颁发给这门学科的原因。', 'bookimg/0032.jpg', null, '0', '中信出版社', '2019-10-01', '2020-06-01', '32开', '纯质纸', '平装-胶订', '否');
INSERT INTO `book` VALUES ('33', '股票操盘宝典——判大势、定思维、入牛股', '30', '胡斐', '9', '9787509642337', '88.00', '88.00', '股海搏击，需要过硬的内功；股市擒牛，需要超人的眼光；股林争霸，需要非凡的收益；股坛论剑，需要稳健的系统；这一切的一切，都在《股票操盘宝典》里面。从内功到外功，从剑宗到气宗；从策略到绝招，从系统到风控；从教训到反思，从失误到应对；从收益到风险，从择股到择时。《股票操盘宝典》给您的远远不止这些。', 'bookimg/0033.jpg', null, '0', '经济管理出版社', '2016-04-01', '2020-06-01', '16开', '胶版纸', '平装-胶订', '否');
INSERT INTO `book` VALUES ('34', '市进阶之道：一个散户的自我修养', '30', '李杰', '9', '9787113180508', '55.00', '55.00', '本书其核心内容分为三大部分，其分别对应着投资之道、价值之源和估值之谜。它们正是投资中最为关键和困难的部分、其既相互独立又具有内在联系，对它们是否具有系统和辩证的理解是一个投资人段位差别的体现。这其中，对于概率和赔率、认知偏差、投资陷阱等方面的内容将帮助初学者把握住投资的本质和学习的方向，而对不同生意形态和经营特征的论述、对高价值企业概念和投资策略的三个视角的介绍，以及对于市场定价机理的分析，将促使投资人进入更深层次的思考。', 'bookimg/0034.jpg', null, '0', '中国铁道出版社', '2014-04-01', '2020-06-01', '16开', '胶版纸', '平装-胶订', '否');
INSERT INTO `book` VALUES ('35', '从零开始学炒股：股票入门与实战（全彩图解版）', '29', '马涛', '9', '9787115388087', '39.80', '39.80', '零基础、全图解，以通俗易懂的实战步骤的方式详细讲解了用电脑、手机炒股的步骤、方法和技巧以及进行股票投资基本面分析、K 线分析、移动平均线和成交量分析的方法，同时介绍了安装多款炒股软件进行实时查看与分析股市信息，掌握股票买卖技巧、风险防范的方法和技巧，实现时时、处处掌控股票投资，实现资金的增值。', 'bookimg/0035.jpg', null, '6', '人民邮电出版社', '2015-05-01', '2020-06-01', '16开', '胶版纸', '平装-胶订', '否');
INSERT INTO `book` VALUES ('36', '实用程序育儿法(新版)', '30', '[美] 特蕾西·霍格,梅琳达·布劳', '10', '9787550251038', '42.00', '42.00', '全书一共10章，每一章都围绕一个主题，以时间为顺序，辅以大量的案例，让你懂得在什么时间该做什么事，帮助你成为一个耐心而清醒的父母，为你培养一个身体健康、作息规律、情感丰富的宝宝。', 'bookimg/0036.jpg', null, '0', '北京联合出版公司', '2016-01-01', '2020-06-01', '16开', '胶版纸', '平装-胶订', '否');
INSERT INTO `book` VALUES ('37', '儿童营养餐一本就够（汉竹）', '30', '李宁，慧慧', '10', '9787553779744', '39.80', '39.80', '营养师 美食家的强强联合，给你*权威、*实用的指导。孩子成长路上的所有饮食问题，协和营养师李宁为您一一解答，加上慧慧的秘制菜谱，让孩子从此爱上吃饭。', 'bookimg/0037.jpg', null, '0', '江苏科学技术出版社', '2017-02-01', '2020-06-01', '16开', '铜版纸', '平装-胶订', '否');
INSERT INTO `book` VALUES ('38', '象棋入门一本就够', '35', '于川，刘君，吴秉铁', '11', '9787122255303', '35.00', '35.00', '本书将象棋的基础、残局、杀法、布局和中局内容，按照难易程度及所需学习时间，分30课进行讲解，非常适合初学者迅速掌握。为防止初学者在实战中着数应用不连贯，本书在介绍炮、兵、相、马四类常见布局定式的同时，将流行布局及其相应的中局下法、变着、基本战术，融合在一起进行讲解，使读者易于上手。并在每课之后，给出适量的练习题，帮助读者更好地将所学着法运用于实战。', 'bookimg/0038.jpg', null, '0', '化学工业出版社', '2016-05-01', '2020-06-01', '16开', '轻型纸', '平装', '否');
INSERT INTO `book` VALUES ('39', '内家拳的正确打开方式', '30', '刘杨', '11', '9787571403935', '80.00', '80.00', '作者有幸追随了几位内家明师，接触了有系统传承的内家学术体系，亲身体验了有层次、有方法、有标准、有校验的内家武术训练，后又经过近二十年教学相长的积累和沉淀，逐步整理出了一套内家功夫实修实证的训练体系。于是，他决心撰写一本普通人、圈外人也能看懂的，关于内家武学修炼常识的“科普读物”，以飨大众。', 'bookimg/0039.jpg', null, '0', '北京科学技术出版社', '2019-09-01', '2020-06-01', '16开', '胶版纸', '平装-胶订', '否');
INSERT INTO `book` VALUES ('40', '说手——太极拳静思录（承道篇）', '80', '赵泽仁，张云', '11', '9787571400064', '128.00', '128.00', '本书以“是什么、为什么、怎么做”为纲，对传统太极拳传承中含混不清的概念和方法，给出明确、严谨的解释和训练标准，是太极拳练习者可以直接用于对照实践的指导手册。全书四卷本，本册为第壹卷·承道篇。', 'bookimg/0040.jpg', null, '0', '北京科学技术出版社', '2020-01-01', '2020-06-01', '16开', '胶版纸', '平装-胶订', '否');
INSERT INTO `book` VALUES ('41', '神奇的答案之书', '36', '梅森，知书达礼', '12', '9787557514259', '35.00', '35.00', '这是一本治愈系心灵解惑书，它将带给你的不只是生活的指引，还有心灵的慰藉、简单的快乐。亲爱的朋友，无论如何，当迷茫让你感到无所适从，或当你觉得一切该抛个硬币来解决的时候，你来到这里，是一个正确的选择。在这里，你将获得心灵的指引和暖心的慰藉。', 'bookimg/0041.jpg', null, '4', '吉林美术出版社', '2016-07-01', '2020-06-01', '24开', '胶版纸', '平装-胶订', '否');
INSERT INTO `book` VALUES ('42', '我的世界（4册）[精选套装]', '30', '艾阁蒙', '12', '9787115434852', '196.00', '196.00', '如果你是一个新手，*次进入这个充满未知的新世界时，危机总是如影随形。官方攻略手册*本《新手导航》指导你学习如何寻找资源、建立住所、合成工具、制造盔甲和武器来抗击怪物，保护自己。遵照《我的世界》专家的建议，以及开发者Jeb和创始人Notch的亲身指导，这本书将带你一步步走向成功。', 'bookimg/0042.jpg', null, '0', '人民邮电出版社', '2016-09-01', '2020-06-01', '32开', '胶版纸', '平装-胶订', '否');
INSERT INTO `book` VALUES ('43', '侣行（全四册）[套装精选]', '50', '张昕宇', '13', '25309081', '165.80', '165.80', '　“中国梦”如今已经不再遥远。不只关乎财富和名誉，更是如何“精彩的活着”', 'bookimg/0043.jpg', null, '0', '江苏凤凰文艺出版社', '2018-07-01', '2020-06-01', '32开', '胶版纸', '平装-胶订', '是');
INSERT INTO `book` VALUES ('44', '环球国家地理百科全书套装全10册 赠防水世界地图', '30', '王越', '13', '9787550275102', '199.00', '199.00', '全书以行政区划和地理位置为纲，将各大洲以地理分布划分为若干国家单元，各单元中均以国家或地区为单位，为读者详细地介绍了世界各地精彩纷呈的方方面面。 此外，我们为了将世界地理之美表达的更为全面和真实，特地在每卷书的*后加了一部分地理美文，让你在百科知识看到乏味之时，享受一下异样的地理之美。', 'bookimg/0044.jpg', null, '0', '北京联合出版公司', '2019-10-01', '2020-06-01', '16开', '轻型纸', '平装-胶订', '是');
INSERT INTO `book` VALUES ('45', '走遍中国 图说天下 寻梦之旅', '20', '霍晨昕', '13', '9787220109201', '29.90', '29.90', '《走遍中国》一改传统旅游手册的面目，集中介绍景区（点）的同时，为游客更多地展示了该地区代表性图片。全书以地域划分章节，中国34个行政区划*价值的旅游景点一一陈列，让读者在舒适的环境中就可以“游览”神州美景。通过这一篇篇汩汩流淌的文字，通过这一张张精心挑选的图画，抵达你向往的内心，从而走向更远！', 'bookimg/0045.jpg', null, '0', '四川人民出版社', '2019-02-01', '2020-06-01', '16开', '轻型纸', '平装-胶订', '否');
INSERT INTO `book` VALUES ('46', '格局（新版）', '30', '何权峰', '14', '9787555284222', '36.00', '36.00', '格局指一个人的眼界、胸襟、胆识等心理要素的内在布局。再大的烙饼也大不过烙它的锅。只会盯着树皮里的虫子不放的鸟儿是不可能飞到白云之上的，只有眼里和心中装满了山河天地的雄鹰才能自由地在天地间翱翔！', 'bookimg/0046.jpg', null, '0', '青岛出版社', '2019-08-01', '2020-06-01', '32开', '胶版纸', '平装-胶订', '否');
INSERT INTO `book` VALUES ('47', '直击本质：洞察事物底层逻辑的思考方法', '20', '艾菲', '14', '9787545552607', '52.00', '52.00', '本书正是一本专注于“思考的方法”的书，书的上半部聚焦于本质思考，这种思考方法能够让你看透问题的本质，并高效地解决问题，让你成为只需半秒就能看透事物本质的人，而不是一辈子也看不清事物本质的人。下半部则跳出框架，教你站在更高、更广的层面去思考，运用迁移思考、升维思考以及逆向思考的方法，让很多看似无解的人生难题得到解答。', 'bookimg/0047.jpg', null, '0', '天地出版社', '2020-01-01', '2020-06-01', '16开', '胶版纸', '平装-胶订', '否');
INSERT INTO `book` VALUES ('48', '墨菲定律', '30', '沐阳', '15', '9787557661656', '35.00', '35.00', '本书分九个章节，近百个世界*思维定律，从不同的方面介绍定律、效应、法则、理论的神妙之处。将一个个看似深奥、晦涩的定律、法则阐述的透彻明了。', 'bookimg/0048.jpg', null, '0', '天津科学技术出版社', '2019-03-01', '2020-06-01', '32开', '胶版纸', '平装-胶订', '否');
INSERT INTO `book` VALUES ('49', '反内耗：如何化解我们内心的冲突', '20', '于德志', '15', '9787545548761', '45.00', '45.00', '焦虑、犹豫、纠结、自责……这些看不见的内耗正在毁掉你！我们心里不断爆发的“战斗”实际上都引起了不同程度的自我消耗——这就是内耗！它将摧毁我们所有的热忱与行动力。作者用清晰、有效、易操作的心理训练，帮你终结“内耗”。', 'bookimg/0049.jpg', null, '0', '天地出版社', '2019-07-01', '2020-06-01', '16开', '胶版纸', '平装-胶订', '否');
INSERT INTO `book` VALUES ('50', '极简主义 ', '30', '[美]乔舒亚·菲尔茨·米尔本 瑞安·尼科迪默斯', '16', '9787540480615', '39.00', '39.00', '极简主义不是要你一无所有，而是要你穿越物质的海洋，找到真正重要的东西。在《极简主义》一书中，放弃高薪主管工作、转身成为美国极简主义生活先锋的乔舒亚和瑞安，分享了他们自己的人生故事和极简主义的生活理念。通过舍弃生活中多余的东西，我们得以超越物质，集中精力追求生命中*重要的五种价值：健康、人际关系、热情、成长和奉献。书中也有丰富的具体实践方法，帮助读者快速过上极简生活。', 'bookimg/0050.jpg', null, '0', '湖南文艺出版社', '2017-05-01', '2020-06-01', '32开', '胶版纸', '平装-胶订', '否');
INSERT INTO `book` VALUES ('51', '终身学习', '30', '【美】丹·苏利文 【加】凯瑟琳·野村 ', '16', '9787556421930', '48.00', '48.00', '当今世界可谓瞬息万变，给大家带来无尽的挑战和机遇。在种种不确定性和纷杂的变化面前，有人选择置若罔闻，有人则乘风破浪，其区别在于他们的思维方式。作者通过长期与企业家打交道，总结出了10个黄金法则，这些黄金法则将陪伴我们度过人生的艰难时光，帮助我们科学合理的规划自己的人生，让未来的我们比过去强大。', 'bookimg/0051.jpg', null, '0', '湖北教育出版社', '2018-05-01', '2020-06-01', '32开', '胶版纸', '平装-胶订', '否');
INSERT INTO `book` VALUES ('52', '即兴演讲 掌控人生关键时刻', '30', '[加]朱迪思·汉弗莱（Judith Humphrey）', '17', '9787115483829', '49.00', '49.00', '对于每一个奋斗在职场的人而言，无论是作为员工，还是作为团队领导，做好不同场合的有效沟通都是必要的。在本书中，作者汉弗莱女士提供了多场合的即兴演讲脚本，并告诉我们如何运用不同的技巧来应对各种即兴时刻。跟随本书的指引，刻意练习即兴演讲技巧，你便能自如掌控每一个沟通瞬间，获得他人尊重和认可，赢得更多机会，改变自己的命运。本书适合每一个想改变自己的人阅读。', 'bookimg/0052.jpg', null, '0', '人民邮电出版社', '2018-06-01', '2020-06-01', '16开', '胶版纸', '平装-胶订', '否');
INSERT INTO `book` VALUES ('53', '史记（精装新版，全三册）', '30', '【汉】司马迁', '18', '9787807616412', '128.00', '128.00', '《史记》是由司马迁撰写的中国*部纪传体通史。《史记》*初没有固定书名，或称“太史公书”，或称“太史公传”，也省称“太史公”。“史记”本是古代史书通称，从三国时期开始，“史记”由史书的通称逐渐成为“太史公书”的专称。该书记载了上自上古传说中的黄帝时代，下至汉武帝元狩元年间共3000多年的历史。与后来的《汉书》、《后汉书》、《三国志》合称“前四史”。', 'bookimg/0053.jpg', null, '0', '岳麓书社', '2012-10-01', '2020-06-01', '32开', '胶版纸', '精装', '是');
INSERT INTO `book` VALUES ('54', '孤独百年：张学良的思想人生', '50', '王海晨', '18', '9787515406534', '68.00', '68.00', '《孤独百年：张学良的思想人生》作者运用国内外的大量历史档案、学术研究成果及张学良*权威的口述史料，引经据典，多角度、全方位地详细说明张学良爱国思想的产生过程、表现及影响。该著既是风格别具的传记，更是思想评传；具有视角新、史料新、观点新之特征，填补了张学良研究领域的空白，具有很高的学术价值。', 'bookimg/0054.jpg', null, '0', '当代中国出版社', '2016-01-01', '2020-06-01', '16开', '胶版纸', '平装-胶订', '否');
INSERT INTO `book` VALUES ('55', '穿越非洲两百年', '40', '郭建龙', '18', '9787545553918', '88.00', '88.00', '战争、贫困、腐败、疾病……非洲问题从何而来？熬过了混乱期的非洲，该如何摆脱殖民主义的梦魇，抓住发展的机遇？从合作伙伴到命运共同体，中国在非洲的发展过程中扮演了什么样的角色？作者曾两度深入非洲，试图通过游走、观察和研究等方式去解答这些问题。他以历史的脉络为经，以政治、经济、文化等中心问题为纬，深入地讨论了非洲问题的形成、发展与现状，揭示了非洲三代领带人和非洲人民不断探索发展道路的曲折历程。', 'bookimg/0055.jpg', null, '0', '天地出版社', '2020-04-01', '2020-06-01', '16开', '胶版纸', '精装', '否');
INSERT INTO `book` VALUES ('56', '文字的力量', '30', '马丁·普契纳', '19', '9787521704808', '58.00', '58.00', '《文字的力量》从4000多年的世界文学中挑选出16部尤为重要的经典作品，有《伊利亚特》《圣经》《源氏物语》《一千零一夜》《共产党宣言》，还有《哈利波特》，让我们看到文字如何塑造哲学、宗教、政治与文明——', 'bookimg/0056.jpg', null, '0', '中信出版社', '2019-07-01', '2020-06-01', '32开', '纯质纸', '平装-胶订', '否');
INSERT INTO `book` VALUES ('57', '老话儿说', '30', '承岚', '19', '9787510330377', '42.00', '42.00', '这本书就是一本老人言的智慧精选，共四章，39小节，集录了有关健康养生、人格修养、创造财富、人际关系等方面的成功秘诀和人生哲学。', 'bookimg/0057.jpg', null, '0', '中国商务出版社', '2019-10-01', '2020-06-01', '16开', '胶版纸', '平装-胶订', '否');
INSERT INTO `book` VALUES ('58', '人类的明天', '50', '（法）席里尔·迪翁', '20', '9787559616999', '88.00', '88.00', '《人类的明天》拥有与众不同的特质：这不是一本令人绝望到不愿面对的危机之书，也不是一本一味提出问题的警示之书，而是一本为焦虑和困惑提供崭新思维方式的希望之书和解答之书。正如作者本人说的那样：“传播灾难性的消息并不能真正解决问题，我们应该去做一些不一样的事。”作者带领一个五人团队遍访世界各地，从各领域的领航者和各行各业的普通人中寻求应对人类困境的解决方案，将这些人和他们扣人心弦的故事汇聚到一起。', 'bookimg/0058.jpg', null, '0', '北京联合出版有限公司', '2018-08-01', '2020-06-01', '32开', '胶版纸', '平装-胶订', '否');
INSERT INTO `book` VALUES ('59', '中国古代服饰研究', '40', '沈从文', '20', '9787545815146', '78.00', '78.00', '《中国古代服饰研究》是中国文学家沈从文创作的一部系统考证中国服饰文化的学术专著。1981年9月由商务印书馆香港分馆出版，郭沫若作序，全书对中国古代服饰制度的沿革与当时社会环境的关系，作了广泛深入的探讨。见解独到，至前人未至之境，发前人未发之论，为沈从文从事文物研究以来成果之结晶。', 'bookimg/0059.jpg', null, '0', '上海书店出版社', '2017-08-01', '2020-06-01', '16开', '胶版纸', '平装-胶订', '否');
INSERT INTO `book` VALUES ('60', '社会心理学（第11版）', '30', '（美） 戴维·迈尔斯（David Myers', '21', '9787115410047', '128.00', '128.00', '戴维·迈尔斯的《社会心理学》是美国700 多所大专院校社会心理学教学所采用的教材，自出版以来深受广大师生和社会心理学爱好者的喜爱，并被翻译成多种语言，有着广泛的影响力。本书译自第11 版。', 'bookimg/0060.jpg', null, '0', '人民邮电出版社', '2016-01-01', '2020-06-01', '16开', '胶版纸', '平装-胶订', '否');
INSERT INTO `book` VALUES ('61', '记忆编码', '30', '[俄]亚瑟·杜姆切夫 ', '21', '9787541156373', '39.80', '39.80', '本书是记忆力培训专家、俄罗斯“圆周率背诵大赛”冠军得主杜姆切夫，10余年研究成果的总结。书中系统介绍了9种实用的记忆法和12条提升记忆效率的定律，结合20余个真实案例和近60张辅助记忆思维图表，让你30秒记住一切重要信息，解决考试、社交、工作和日常生活中的记忆问题。只要用对方法，每个人都能成为记忆天才！', 'bookimg/0061.jpg', null, '0', '四川文艺出版社', '2020-05-01', '2020-06-01', '32开', '轻型纸', '平装-胶订', '否');
INSERT INTO `book` VALUES ('62', '律师之道：新律师的必修课（第二版）', '30', '君合律师事务所', '22', '9787301267189', '45.00', '45.00', '《律师之道：新律师的必修课》君合律师事务所作为国内的*律所，建有一流的内部培训机制。每年新律师入职之后，都由君合的资深合伙人和高年级律师对其进行业务培训，从律师职业初步到具体的业务办理，君合二十多年的业务菁华都汇集其中。本书对君合所近年内部培训内容进行全程整理，使法律从业者从中窥见君合何以*的律师之道。', 'bookimg/0062.jpg', null, '0', '北京大学出版社', '2016-02-01', '2020-06-01', '32开', '胶版纸', '平装-胶订', '否');
INSERT INTO `book` VALUES ('63', '无罪辩护', '30', '朱明勇', '22', '9787302412915', '45.00', '45.00', '本书以律师手记的叙事方式记录了作者执业经历中的几个标志性案件。挑选的这些案件，从接受委托到辩护终结，客观地还原了刑辩律师的生存样态：既有执业初期“不起眼”的普通伤害案件，也有开启冤狱平反之路的标志性大案。既要纠结纯粹的法律问题，也要冲破法律之外的各种潜规则。本书可为有志于从事刑事辩护的人士提供“技术”的指引，也可向对刑事辩护感兴趣的人士展示刑辩律师不为人知的坚毅与激荡，更可为广大关注中国法治进程的读者提供刑事辩护的参考。', 'bookimg/0063.jpg', null, '0', '清华大学出版社', '2015-10-01', '2020-06-01', '16开', '胶版纸', '平装', '否');
INSERT INTO `book` VALUES ('64', '公民宪法知识读本', '40', '全国普法办', '22', '9787519724917', '39.00', '39.00', '《公民宪法知识读本》以简明易懂的问答方式，为读者提供全面的宪法文本知识解读，便于大家在轻松、活泼的氛围中迅速了解中国宪法知识。《公民宪法知识读本》共分为六个部分，分别是：概述，宪法总纲，公民的基本权利和义务，国家机构，国旗、国歌、国徽、首都，附录。本书既适合机关单位工作人员学习宪法知识使用，也适合青少年、普通读者普及宪法常识使用。', 'bookimg/0064.jpg', null, '0', '法律出版社', '2018-11-01', '2020-06-01', '16开', '胶版纸', '平装-胶订', '否');
INSERT INTO `book` VALUES ('65', '活着', '50', '余华', '23', '9787506365437', '28.00', '28.00', '《活着》是一部充满血泪的小说。余华通过一位中国农民的苦难生活 讲述了人如何去承受巨大的苦难；讲述了眼泪的丰富和宽广；讲述了*望 的不存在：讲述了人是为了活着本身而活着…… 《活着》这部小说荣获意大利格林扎纳·卡佛文学奖*高奖项(1998年 )，台湾《中国时报》10本好书奖(1994年)，香港“博益”15本好书奖 (1990年)；并入选香港《亚洲周刊》评选的“20世纪中文小说百年百强” ；入选中国百位批评家和文学编辑评选的“九十年代*有影响的10部作品 ”。', 'bookimg/0065.jpg', null, '0', '作家出版社', '2012-08-01', '2020-06-01', '16开', '胶版纸', '平装-胶订', '否');
INSERT INTO `book` VALUES ('66', '鬼吹灯全八册', '30', '天下霸唱', '23', '9787540492632', '326.00', '326.00', '全书以一本家传的秘书残卷为引，讲述胡八一、Shirley 杨、王胖子三人为解开部族消失的千古之谜，解读天下大山大川的脉搏，寻找一处处失落在大地深处的龙楼宝殿的故事。在他们的追寻下，历史的神秘面纱一层层被揭开……', 'bookimg/0066.jpg', null, '0', '湖南文艺出版社', '2019-07-01', '2020-06-01', '16开', '胶版纸', '平装-胶订', '是');
INSERT INTO `book` VALUES ('67', '白夜追凶', '50', '指纹', '23', '9787549253043', '42.00', '42.00', '一场灭门惨案，让原本逍遥浪荡的关宏宇成了在逃通缉嫌犯，身为刑侦支队队长的双胞胎哥哥关宏峰誓要查出真相，但出于亲属回避的原则，警队禁止他参与灭门案的调查，关宏峰义愤辞职。调任代支队长的周巡出于破案压力，也为了追寻关宏宇的下落，设计让离职的关宏峰以“编外顾问”的身份继续参与重案调查。然而警队所有人都被隐瞒了，由于罹患“黑暗恐惧症”，白天出现在警队的“顾问关宏峰”，其实是由孪生弟弟、在逃嫌犯关宏宇代替……', 'bookimg/0067.jpg', null, '0', '长江出版社', '2017-09-01', '2020-06-01', '16开', '胶版纸', '平装-胶订', '否');
INSERT INTO `book` VALUES ('68', '我们仨（新版精装）', '30', '杨绛', '24', '9787108051714', '35.00', '35.00', '《我们仨》讲述了九十二岁的杨绛以简洁而沉重的语言，回忆先她而去的女儿钱媛、丈夫钱钟书，回忆一家三口那些快乐而艰难、爱与痛的日子。这个三口之家的动人故事证明：家庭是人生*好的庇护所。', 'bookimg/0068.jpg', null, '0', '生活·读书·新知三联书店', '2015-04-01', '2020-06-01', '32开', '胶版纸', '精装', '否');
INSERT INTO `book` VALUES ('69', '曼德拉传-精装', '30', '(英)安东尼.桑普森', '24', '9787535466914', '42.00', '42.00', '曼德拉尊称为南非国父。他从一名囚犯到一个自由的人，从一位追求解放的斗士发展为推进和解的热心人士，从一个政党领袖到一位国家总统，致力于推进国家的民主进程和发展。他是南非乃至全世界范围内追求公正、公平和尊严的化身，是我们这个时代令人鼓舞的偶像之一。', 'bookimg/0069.jpg', null, '0', '长江文艺出版社', '2013-07-01', '2020-06-01', '16开', '胶版纸', '精装', '否');
INSERT INTO `book` VALUES ('70', '永不放弃——特朗普自述', '20', '[美] 唐纳德·特朗普、梅瑞迪丝·麦基沃', '24', '9787532771769', '38.00', '38.00', '美国新任总统唐纳德·特朗普是世界闻名的商界精英、亿万富豪、畅销书作家及媒体人。毕业于沃顿商学院的特朗普开发了一系列全世界最著名的房地产项目，其中包括纽约第五大道特朗普大厦、华尔街40号、君悦饭店、棕榈滩特朗普国际饭店、迪拜大厦等。他写出了多部畅销作品，书籍销量已达数百万册，是《纽约时报》畅销榜常客。这本《永不放弃》是他的自传体作品，详细讲述了他深陷财政危机到绝地反击、从头开始的精彩人生故事。', 'bookimg/0070.jpg', null, '0', '上海译文出版社', '2016-04-01', '2020-06-01', '32开', '胶版纸', '平装', '否');
INSERT INTO `book` VALUES ('71', '画猫.宋朝十二月闲乐集', '30', '苏徵楼，天闻角川出品', '25', '9787554305959', '45.00', '45.00', '这是由天闻角川依托画集类产品全新打造出品周边型图书系列，以画集《画猫·雅宋》为蓝本，全新打造宋朝风情主题笔记本。精选《画猫·雅宋》精美插画，展现宋朝十二月份的闲乐场景，兼具笔记本和涂鸦日程本的功能，使用起来方便轻松又赏心悦目，为喜欢【画猫】的粉丝以及所有热爱记录生活的人量身打造。该书支持环境保护和合理使用自然资源，内页使用全特种纸印刷，令书写更加流畅。', 'bookimg/0071.jpg', null, '0', '羊城晚报出版社', '2018-07-01', '2020-06-01', '32开', '胶版纸', '平装-胶订', '否');
INSERT INTO `book` VALUES ('72', '蓝溪镇1（《罗小黑战记》君清篇！）', '30', '木头、孙呱', '25', '9787559447562', '49.80', '49.80', '《蓝溪镇》，即《罗小黑战记》君清篇，讲述战争年代的老君、清凝和玄离的故事。每逢乱世，老君便会四处游历，随缘带走无家可归之人，生活在他庇护之下。战乱过后，他们可以自由离开，也可选择留下。那处安身之所名为……蓝溪镇。', 'bookimg/0072.jpg', null, '0', '江苏凤凰文艺出版社', '2020-05-01', '2020-06-01', '32开', '纯质纸', '平装-胶订', '否');
INSERT INTO `book` VALUES ('73', '斗罗大陆2绝世唐门漫画版37', '20', '唐家三少', '25', '9787556251773', '15.00', '15.00', '根据中国网络作家之王唐家三少畅销巨作《斗罗大陆》第二部改编，讲述了在一个没有魔法、没有斗气、没有武术，只有武魂的幻想世界——斗罗大陆上，曾经辉煌的唐门于创立万年后已然没落，一个拥有灵眸武魂的少年霍雨浩遭家人抛弃，却自强不息地努力修炼，进入斗罗大陆*学院，*终重振唐门的故事。', 'bookimg/0073.jpg', null, '0', '湖南少年儿童出版社', '2020-05-01', '2020-06-01', '32开', '轻型纸', '平装-胶订', '否');
INSERT INTO `book` VALUES ('74', '中国碑帖名品（全套装上、下两箱共102册）', '30', '上海书画出版社', '26', '9787547911211', '4650.00', '4650.00', '该丛帖遴选了书法史中各个历史时期的书法佳作并汇编成百册，以书体递变为纵轴，以书家风格为横线。观念全新，编辑精到，每册皆有简介、释文、注释及历代集评。特别是石刻拓本部分，所选的绝大多数是尚未面世的善本，可贵之极，且均附有碑刻的整拓图版及所用之本各部分题跋。校色精到，印刷考究，令人爱不释卷。该丛帖的出版为书法艺术的弘扬和发展，起到积极的推动作用，同时也为广大书法爱好者提供了一套可临可赏、可读可藏、价格平民的超值版本。', 'bookimg/0074.jpg', null, '0', '上海书画出版社', '2016-04-01', '2020-06-01', '12开', '铜版纸', '精装', '是');
INSERT INTO `book` VALUES ('75', '植物花卉插画图案集', '20', '鲍伊风尚', '26', '9787558605369', '118.00', '118.00', '新生的花骨朵，散发倾向的绿叶，华丽的雀羽，花纹繁复的小虫……艺术诞生之初，人们就已学会从大自然随处可见的缤纷色彩、奇异图案和炫目美景中撷取灵感。430幅全彩插图，高品质展现平面设计、插画、艺术和图案设计中与自然有关的原创作品，包括栩栩如生的植物写生，简化装饰性图案，以及印象派、自然主义的图画。', 'bookimg/0075.jpg', null, '0', '上海人民美术出版社', '2018-01-01', '2020-06-01', '16开', '胶版纸', '平装-胶订', '否');
INSERT INTO `book` VALUES ('76', '看见，不一样的故宫（精装版）', '30', '苏唐诗', '26', '9787121371523', '188.00', '188.00', '本书由两届“中国十佳古建筑摄影师”、中国摄影家协会会员苏唐诗先生历时六年拍摄而成，以细腻的画面语言，将故宫的一草一木，以及往来故宫的游人娓娓道来。本书由故宫博物院原院长单霁翔先生倾情作序，是了解故宫的理想读物。', 'bookimg/0076.jpg', null, '0', '电子工业出版社', '2019-09-01', '2020-06-01', '大16开', '铜版纸', '精装', '否');
INSERT INTO `book` VALUES ('77', '现代汉语词典(第7版) 商务印书馆', '50', '中国社会科学院语言研究所词典编辑室', '27', '9787100124508', '109.00', '109.00', '《现代汉语词典》自1978年正式出版以来做过多次修订，以适应社会的发展，更好地反映现代汉语词汇新面貌，体现有关学科研究的新成果，落实国家有关语言文字方面的新规范。', 'bookimg/0077.jpg', null, '0', '商务印书馆', '2016-09-01', '2020-06-01', '32开', '胶版纸', '精装', '否');
INSERT INTO `book` VALUES ('78', '唐诗宋词鉴赏辞典', '40', '乐云，黄鸣', '27', '9787540331771', '43.00', '43.00', '中华诗文鉴赏辞典类图书是一套重在普及、雅俗共赏的图书。中国是一个诗词的国度，古典诗词源远流长，荟萃了中华民族优秀传统文化的精华。从《诗经》算起的三千多年诗史中，名家辈出，璨若群星；佳作纷呈，争奇斗艳，散发出永恒的艺术魅力。学习、赏析古典诗词是代代国人乐此不疲的幸事。', 'bookimg/0078.jpg', null, '0', '崇文书局（原湖北辞书出版社）', '2015-11-01', '2020-06-01', '32开', '胶版纸', '平装-胶订', '否');
INSERT INTO `book` VALUES ('79', '牛津高阶英汉双解词典（第9版）', '30', '[英]霍恩比', '27', '9787100158602', '169.00', '169.00', '《牛津高阶英语词典》至今问世七十年，为世所公认的权威英语学习词典，惠及世界各地一代又一代学子。《牛津高阶英汉双解词典》引进出版三十年，从原编者霍恩比为词典赋予语言学习功能，到第九版编者将会话与写作功能融入学习型词典，这部词典在如何更好地满足读者需要方面从未停止探索和创新。', 'bookimg/0079.jpg', null, '0', '商务印书馆', '2018-03-01', '2020-06-01', '32开', '胶版纸', '精装', '否');
INSERT INTO `book` VALUES ('80', '2020年6月新试卷星火英语四级真题备考', '50', '汪开虎', '28', '9787313086709', '59.80', '59.80', '本试卷包含12套真题、5套标准模拟题、12套听力、30篇预测作文、词汇及高频语法，并加赠口试宝典和6套刷题卷。 真题解析讲解精准，总结考点，揭示命题规律；阅读文章附全文翻译，扫除考生的阅读障碍。阅读答案划线点评，从定位到解析，培养考生的答题技巧。模拟试题，设题标准，题源选材，考点准确。', 'bookimg/0080.jpg', null, '0', '上海交通大学出版社', '2020-01-01', '2020-06-01', '16开', '胶版纸', '平装-胶订', '否');
INSERT INTO `book` VALUES ('81', '新东方 四级词汇词根+联想记忆法：乱序版', '30', '俞敏洪', '28', '9787511041203', '48.00', '48.00', '《四级词汇词根 联想记忆法：乱序版》紧跟新大纲改革趋势，严格按照《全国大学英语四、六级考试大纲》收录所有四级核心单词，将其分为35个单元列出，同时悉心补充新闻词汇、超纲单词表、熟词僻义表、中学已学单词及词组，并提供核心单词索引。\r\n\r\n乱序版打破了《四级词汇词根 联想记忆法》按首字母顺序排列单词的方式，避免了考生停留在某一字母开头的单词而背不下去的困境。', 'bookimg/0081.jpg', null, '0', '海豚出版社', '2018-01-01', '2020-06-01', '32开', '胶版纸', '平装-胶订', '否');
INSERT INTO `book` VALUES ('82', '2020年6月新试卷星火英语六级真题备考2020试卷全真试题', '50', '汪开虎', '28', '9787313086716', '59.80', '59.80', '本试卷包含12套真题、5套标准模拟题、12套听力、30篇预测作文、词汇及高频语法，并加赠口试宝典和6套刷题卷。 真题解析讲解精准，总结考点，揭示命题规律；阅读文章附全文翻译，扫除考生的阅读障碍。阅读答案划线点评，从定位到解析，培养考生的答题技巧。模拟试题，设题标准，题源选材，考点准确。', 'bookimg/0082.jpg', null, '0', '上海交通大学出版社', '2020-01-01', '2020-06-01', '16开', '胶版纸', '平装-胶订', '否');
INSERT INTO `book` VALUES ('83', '新东方 六级词汇词根+联想记忆法：乱序版', '30', '俞敏洪', '28', '9787511041296', '48.00', '48.00', '《六级词汇词根 联想记忆法：乱序版》是俞敏洪老师编著的经典“词根 联想”系列词汇书之一，已陪伴数百万名考生走过备战六级的岁月，广受读者欢迎。', 'bookimg/0083.jpg', null, '0', '海豚出版社', '2018-01-01', '2020-06-01', '32开', '胶版纸', '平装-胶订', '否');
INSERT INTO `book` VALUES ('84', '新东方 （2021）考研英语高分写作', '40', '王江涛', '29', '9787519305642', '58.00', '58.00', '《考研英语高分写作》多年来一直是考研书单上的经典备考书目之一，作者为新东方考研英语功勋教师“道长”王江涛。本书历经16次改版，与时俱进，不断完善，深受广大考研学子认可和喜爱，*版已包含2020年考研英语（一）（二）写作真题。\r\n根据新东方在线与北京新东方学校课程设置，以及考生学习顺序，新版图书做出了出版十六年以来较大规模的修订。', 'bookimg/0084.jpg', null, '0', '群言出版社', '2020-02-01', '2020-06-01', '16开', '胶版纸', '平装-胶订', '否');
INSERT INTO `book` VALUES ('85', '2021考研数学', '40', '李永乐 王式安 武忠祥 季文铎', '29', '9787569315677', '108.00', '108.00', '本书从基本理论、基础知识、基本方法出发，全面、深入、细致地讲解考研数学大纲要求的所有考点，它不要花拳绣腿的不实用技巧，也不提倡误人子弟的费时背书法，而是扎扎实实地带你深入每一个考点背后，找到它们之间的关联、逻辑，让你从大学知识点零碎、概念不清楚、期末考试过后即忘的“低级”水平，提升到考研必需的高度。', 'bookimg/0085.jpg', null, '0', '西安交通大学出版社', '2019-12-01', '2020-06-01', '16开', '胶版纸', '平装-胶订', '否');
INSERT INTO `book` VALUES ('86', '教师资格证考试用书2019全套', '40', '中公教育教师资格考试研究院', '30', '25809586', '178.00', '178.00', '《中公版·2019国家教师资格考试专用教材：教育知识与能力历年真题及标准预测试卷中学》中公教育教师资格考试研究院的研发团队，仔细研究教师资格考试大纲和历年真题，全面整合历年考点，细致剖析考试重难点，详解了6套历年真题，并严格按照真题的考查形式和内容编写10套标准预测试卷，帮助考生适应考试答题节奏，掌握解题思路，从容应对考试。', 'bookimg/0086.jpg', '', '0', '世界图书出版公司', '2018-11-01', '2020-06-01', '16开', '胶版纸', '平装-胶订', '否');

-- ----------------------------
-- Table structure for book_type
-- ----------------------------
DROP TABLE IF EXISTS `book_type`;
CREATE TABLE `book_type` (
  `type_id` int(11) NOT NULL AUTO_INCREMENT,
  `name` varchar(255) NOT NULL,
  `father_id` int(11) DEFAULT NULL,
  PRIMARY KEY (`type_id`)
) ENGINE=InnoDB AUTO_INCREMENT=31 DEFAULT CHARSET=gbk;

-- ----------------------------
-- Records of book_type
-- ----------------------------
INSERT INTO `book_type` VALUES ('1', '计算机/网络', '3');
INSERT INTO `book_type` VALUES ('2', '医学', '3');
INSERT INTO `book_type` VALUES ('3', '工业技术', '3');
INSERT INTO `book_type` VALUES ('4', '建筑', '3');
INSERT INTO `book_type` VALUES ('5', '自然科学', '3');
INSERT INTO `book_type` VALUES ('6', '经济', '4');
INSERT INTO `book_type` VALUES ('7', '管理', '4');
INSERT INTO `book_type` VALUES ('8', '投资理财', '4');
INSERT INTO `book_type` VALUES ('9', '股票', '4');
INSERT INTO `book_type` VALUES ('10', '育儿', '5');
INSERT INTO `book_type` VALUES ('11', '运动', '5');
INSERT INTO `book_type` VALUES ('12', '休闲', '5');
INSERT INTO `book_type` VALUES ('13', '旅游', '5');
INSERT INTO `book_type` VALUES ('14', '励志/成功', '6');
INSERT INTO `book_type` VALUES ('15', '心灵修养', '6');
INSERT INTO `book_type` VALUES ('16', '人生哲学', '6');
INSERT INTO `book_type` VALUES ('17', '口才/演讲/辩论', '6');
INSERT INTO `book_type` VALUES ('18', '历史', '7');
INSERT INTO `book_type` VALUES ('19', '文化', '7');
INSERT INTO `book_type` VALUES ('20', '社会科学', '7');
INSERT INTO `book_type` VALUES ('21', '心理学', '7');
INSERT INTO `book_type` VALUES ('22', '法律', '7');
INSERT INTO `book_type` VALUES ('23', '小说', '2');
INSERT INTO `book_type` VALUES ('24', '传记', '2');
INSERT INTO `book_type` VALUES ('25', '动漫/幽默', '2');
INSERT INTO `book_type` VALUES ('26', '艺术', '2');
INSERT INTO `book_type` VALUES ('27', '工具书', '1');
INSERT INTO `book_type` VALUES ('28', '英语四六级', '1');
INSERT INTO `book_type` VALUES ('29', '考研', '1');
INSERT INTO `book_type` VALUES ('30', '教师资格考试', '1');

-- ----------------------------
-- Table structure for cart
-- ----------------------------
DROP TABLE IF EXISTS `cart`;
CREATE TABLE `cart` (
  `cart_id` int(11) NOT NULL AUTO_INCREMENT,
  `book_id` int(11) NOT NULL,
  `book_mount` int(11) NOT NULL DEFAULT '1',
  `user_id` int(11) NOT NULL,
  `add_time` datetime NOT NULL,
  PRIMARY KEY (`cart_id`)
) ENGINE=InnoDB AUTO_INCREMENT=20 DEFAULT CHARSET=gbk;

-- ----------------------------
-- Records of cart
-- ----------------------------
INSERT INTO `cart` VALUES ('14', '35', '3', '2', '2020-07-01 09:54:00');
INSERT INTO `cart` VALUES ('15', '41', '4', '2', '2020-07-01 09:54:07');
INSERT INTO `cart` VALUES ('16', '35', '2', '3', '2020-07-01 21:17:03');
INSERT INTO `cart` VALUES ('17', '20', '4', '3', '2020-07-01 21:17:44');
INSERT INTO `cart` VALUES ('18', '1', '4', '4', '2020-07-02 09:51:06');
INSERT INTO `cart` VALUES ('19', '8', '2', '4', '2020-07-02 09:51:12');

-- ----------------------------
-- Table structure for notice
-- ----------------------------
DROP TABLE IF EXISTS `notice`;
CREATE TABLE `notice` (
  `notice_id` int(11) NOT NULL AUTO_INCREMENT,
  `name` varchar(255) DEFAULT NULL,
  `detail` varchar(255) DEFAULT NULL,
  `add_time` date DEFAULT NULL,
  PRIMARY KEY (`notice_id`)
) ENGINE=InnoDB AUTO_INCREMENT=5 DEFAULT CHARSET=gbk;

-- ----------------------------
-- Records of notice
-- ----------------------------
INSERT INTO `notice` VALUES ('1', 'ZC书店正式开业', 'ZC网上书店于2020年6月16日正式开业，欢迎大家来选购，本店书籍种类丰富，样式齐全，凡是购买书籍，按照价格积累积分，当积分满2000时，成为本店VIP用户，所有书籍可享8折优惠。本店只供学习使用，凡是购买书籍本店概不发货，如真的要买书，请不要在本店购买，谢谢。\r\n', '2020-06-16');
INSERT INTO `notice` VALUES ('2', '谨防诈骗重要提示', '这里再次进行声明，本店只供学习Web技术使用，不出售任何书籍，买书的朋友请勿在本店购买！！！', '2020-06-16');
INSERT INTO `notice` VALUES ('4', 'Hello', 'h', '2020-07-02');

-- ----------------------------
-- Table structure for order_list
-- ----------------------------
DROP TABLE IF EXISTS `order_list`;
CREATE TABLE `order_list` (
  `order_id` int(11) NOT NULL AUTO_INCREMENT,
  `order_code` varchar(255) CHARACTER SET utf8 NOT NULL,
  `book_id` int(11) DEFAULT NULL,
  `book_price` decimal(10,2) DEFAULT NULL,
  `mount` int(11) DEFAULT NULL,
  `user_id` int(11) DEFAULT NULL,
  `receiver` varchar(255) CHARACTER SET utf8 DEFAULT NULL,
  `address` varchar(255) CHARACTER SET utf8 DEFAULT NULL,
  `phone` varchar(255) CHARACTER SET utf8 DEFAULT NULL,
  `add_time` datetime DEFAULT NULL,
  `price` decimal(10,2) DEFAULT NULL,
  `state` varchar(255) CHARACTER SET utf8 DEFAULT '',
  PRIMARY KEY (`order_id`)
) ENGINE=InnoDB AUTO_INCREMENT=46 DEFAULT CHARSET=gbk;

-- ----------------------------
-- Records of order_list
-- ----------------------------
INSERT INTO `order_list` VALUES ('27', '12020070108594560266062635460762', '1', '70.00', '1', '2', 'user2', '山东省烟台市芝罘区幸福街道', '13456789012', '2020-07-01 08:59:45', '70.00', '已支付');
INSERT INTO `order_list` VALUES ('34', '12020070110422610162263624375087', '35', '39.80', '3', '2', 'user2', '山东省威海市经济技术开发区', '13456789012', '2020-07-01 10:42:26', '259.40', '已支付');
INSERT INTO `order_list` VALUES ('35', '12020070110422610162263624375087', '41', '35.00', '4', '2', 'user2', '山东省威海市经济技术开发区', '13456789012', '2020-07-01 10:42:26', '259.40', '已支付');
INSERT INTO `order_list` VALUES ('36', '12020070110502521863138482899111', '13', '48.00', '60', '2', 'user2', '山东省威海市经济技术开发区', '13456789012', '2020-07-01 10:50:25', '2880.00', '已支付');
INSERT INTO `order_list` VALUES ('43', '12020070209515001384722729457155', '1', '80.00', '5', '4', 'user3', '山东省威海市经济技术开发区', '15318621295', '2020-07-02 09:51:50', '634.00', '已支付');
INSERT INTO `order_list` VALUES ('44', '12020070209515001384722729457155', '8', '78.00', '3', '4', 'user3', '山东省威海市经济技术开发区', '15318621295', '2020-07-02 09:51:50', '634.00', '已支付');
INSERT INTO `order_list` VALUES ('45', '12020070209554111986448817856904', '20', '60.00', '1', '4', 'user3', '山东省烟台市芝罘区幸福街道', '15318621298', '2020-07-02 09:55:41', '60.00', '未支付');

-- ----------------------------
-- Table structure for review
-- ----------------------------
DROP TABLE IF EXISTS `review`;
CREATE TABLE `review` (
  `review_id` int(11) NOT NULL AUTO_INCREMENT,
  `book_id` int(11) NOT NULL,
  `user_id` int(11) DEFAULT NULL,
  `grade` int(1) NOT NULL,
  `detail` varchar(255) DEFAULT NULL,
  `add_time` datetime DEFAULT NULL,
  PRIMARY KEY (`review_id`)
) ENGINE=InnoDB AUTO_INCREMENT=11 DEFAULT CHARSET=gbk;

-- ----------------------------
-- Records of review
-- ----------------------------
INSERT INTO `review` VALUES ('1', '1', '1', '5', '内容循序渐进，学习体验很好，详略得当，描述的知识很重要！', '2020-06-08 18:33:03');
INSERT INTO `review` VALUES ('2', '1', null, '4', '再版经典图书，紧跟技术发展！适合打计算机各领域的小伙伴夯实基础！', '2020-06-18 22:33:10');
INSERT INTO `review` VALUES ('3', '2', null, '5', '整体感觉不错', '2020-06-08 18:33:21');
INSERT INTO `review` VALUES ('4', '16', '2', '4', '值得购买            ', '2020-06-16 19:52:01');
INSERT INTO `review` VALUES ('5', '20', '0', '5', '非常实用！', '2020-06-16 20:12:33');
INSERT INTO `review` VALUES ('6', '89', '1', '5', '666666', '2020-06-19 10:20:55');
INSERT INTO `review` VALUES ('7', '89', '0', '2', '没有真人有意思', '2020-06-22 10:13:46');
INSERT INTO `review` VALUES ('8', '20', '0', '5', '好', '2020-07-01 21:28:08');
INSERT INTO `review` VALUES ('9', '1', '0', '5', '不错', '2020-07-02 09:52:50');
INSERT INTO `review` VALUES ('10', '1', '0', '5', '不错', '2020-07-02 09:54:30');

-- ----------------------------
-- Table structure for type_root
-- ----------------------------
DROP TABLE IF EXISTS `type_root`;
CREATE TABLE `type_root` (
  `type_root_id` int(11) NOT NULL AUTO_INCREMENT,
  `name` varchar(255) DEFAULT NULL,
  PRIMARY KEY (`type_root_id`)
) ENGINE=InnoDB AUTO_INCREMENT=8 DEFAULT CHARSET=gbk;

-- ----------------------------
-- Records of type_root
-- ----------------------------
INSERT INTO `type_root` VALUES ('1', '教育');
INSERT INTO `type_root` VALUES ('2', '文艺');
INSERT INTO `type_root` VALUES ('3', '科技');
INSERT INTO `type_root` VALUES ('4', '经管');
INSERT INTO `type_root` VALUES ('5', '生活');
INSERT INTO `type_root` VALUES ('6', '励志');
INSERT INTO `type_root` VALUES ('7', '人文社科');

-- ----------------------------
-- Table structure for user
-- ----------------------------
DROP TABLE IF EXISTS `user`;
CREATE TABLE `user` (
  `user_id` int(11) NOT NULL AUTO_INCREMENT,
  `name` varchar(255) NOT NULL,
  `passwd` varchar(255) NOT NULL,
  `phone` varchar(255) NOT NULL,
  `email` varchar(255) NOT NULL,
  `sex` varchar(255) NOT NULL,
  `birth` date NOT NULL,
  `integral` int(11) DEFAULT '0',
  PRIMARY KEY (`user_id`)
) ENGINE=InnoDB AUTO_INCREMENT=5 DEFAULT CHARSET=gbk;

-- ----------------------------
-- Records of user
-- ----------------------------
INSERT INTO `user` VALUES ('1', 'user1', 'JMnhXlKvxHwiW3V+e+4fnQ==', '13912341234', 'zhzhaocheng@sina.com', '男', '1976-02-01', '0');
INSERT INTO `user` VALUES ('2', 'user2', 'fljWO2AZfOtVocSHmJo3IA==', '13456789012', 'ytzzc8888@sina.com', '女', '1997-01-01', '3209');
INSERT INTO `user` VALUES ('4', 'user3', 'kod69wpF/Wou1/6B4SNreA==', '15318621295', 'zzcyxp@hotmail.com', '女', '2020-07-02', '634');
